Chromosome	Start_Position	End_Position	nMuts	Avg_intermutation_dist	Size	Tumor_Sample_Barcode	C>T	T>C	C>A	T>A	T>G
2	167247167	167251663	6	899.2	4496	TCGA-06-5416-01A-01D-1486-08	5	1	NA	NA	NA
2	178745809	178751544	8	819.285714285714	5735	TCGA-06-5416-01A-01D-1486-08	4	1	2	1	NA
5	141183088	141189163	9	759.375	6075	TCGA-06-5416-01A-01D-1486-08	6	1	2	NA	NA
5	141370458	141375966	7	918	5508	TCGA-06-5416-01A-01D-1486-08	4	2	1	NA	NA
6	170317997	170323220	7	870.5	5223	TCGA-06-5416-01A-01D-1486-08	2	2	2	NA	1
8	8890275	8891412	6	227.4	1137	TCGA-06-5416-01A-01D-1486-08	3	1	2	NA	NA
9	32631292	32635564	6	854.4	4272	TCGA-06-5416-01A-01D-1486-08	6	NA	NA	NA	NA
10	122083936	122087318	6	676.4	3382	TCGA-06-5416-01A-01D-1486-08	5	1	NA	NA	NA
11	108510365	108514080	8	530.714285714286	3715	TCGA-06-5416-01A-01D-1486-08	4	1	2	1	NA
12	31981330	31985467	6	827.4	4137	TCGA-06-5416-01A-01D-1486-08	4	NA	2	NA	NA
16	20959283	20964334	8	721.571428571429	5051	TCGA-06-5416-01A-01D-1486-08	5	NA	2	NA	1
17	38326805	38330885	6	816	4080	TCGA-06-5416-01A-01D-1486-08	2	NA	4	NA	NA
19	8961655	8966869	8	744.857142857143	5214	TCGA-06-5416-01A-01D-1486-08	4	1	2	NA	1
23	72129851	72130817	6	193.2	966	TCGA-06-5416-01A-01D-1486-08	6	NA	NA	NA	NA
